F1	Eu fiquei assustada quando ele entrou gritando.
F2	Fui agredida pelo vizinho na frente do prédio.
F3	Eu estava sozinha em casa quando ouvi um barulho na porta.
F4	Cheguei cansada do trabalho e encontrei a porta aberta.
F5	Ele disse que eu era culpada pelo que aconteceu.
F6	Eu sou a mãe do menino e fui chamada na escola.
F7	O Carlos entrou depois de mim e ficou me encarando.
F8	Fiquei preocupada porque minha filha não atendia o telefone.
F9	Ele me empurrou e eu caí sentada no chão.
F10	Eu não fui ouvida pela polícia naquele dia.
F11	Eu estava grávida quando ele me ameaçou.
F12	Fiquei calada porque estava com medo.
