1	Eu estava correndo na praia quando ele me atacou por trás.
2	Eu estava saindo do mercado quando ela me empurrou contra a parede.
3	Ele me bateu com um pedaço de pau e depois fugiu.
4	Quando eu cheguei, ele já estava caído no chão e eu chamei a ambulância.
5	Eu empurrei ele porque ele estava me enforcando.
6	Ela me xingou e eu respondi que ia chamar a polícia.
7	Ele me disse que tinha visto ela sair com o carro.
8	O Marcos me segurou pelo braço enquanto o outro rapaz pegava minha bolsa.
9	Eu vi quando ele deu um soco nela.
10	Ela me contou que ele tinha batido nela na noite anterior.
11	Eu estava grávida de cinco meses quando ele me chutou.
12	Eu fiquei nervosa e liguei para o meu irmão.
13	Eu sou o pai da menina e fui buscá-la na escola quando ele apareceu.
14	Ele me ameaçou com uma faca e eu corri para dentro de casa.
15	Eu não vi quem me acertou, só senti a pancada na cabeça.
16	Eles me cercaram na saída do bar e um deles me deu uma rasteira.
17	Eu defendi ela quando ele tentou agarrá-la.
18	Ela me atacou primeiro e eu só me defendi.
19	Fui agredida pelo meu ex-companheiro na frente dos meus filhos.
20	Eu estava sozinho em casa quando ouvi ele arrombar a porta.
